date,DELTA,INFLOW,flow_Folsom,flow_Keswick,flow_New Melones,flow_Nimbus,flow_Pine Flat,flow_Shasta,spill_Folsom,spill_Keswick,spill_New Melones,spill_Nimbus,spill_Pine Flat,spill_Shasta,stor_Folsom,stor_Keswick,stor_New Melones,stor_Nimbus,stor_Pine Flat,stor_Shasta
2010-10-31 00:00:00,-389292.174245,1.57773970617e-08,-3963291.19591,-389595.695728,-1535180.29745,-559841.94725,-1239497.89769,-3792367.75437,-60674131.2493,-57160801.8667,-58266968.8294,-57326391.7033,-57990150.847,-60449823.273,-7365835.7048,-3792367.75437,-4938633.20165,-3963291.19591,-4642950.5529,-7194912.26326
2010-11-30 00:00:00,-3.42576688226e-09,1.14525368374e-08,-3518580.43794,-7.08589667612e-09,-1037350.91366,-5.69272256828e-08,-447133.733121,-3518580.43794,-60279219.9317,-56812603.6825,-57796558.5731,-56812630.977,-57218027.6329,-60278574.2424,-7037160.87589,-3518580.43794,-4556839.67359,-3518580.43794,-3966621.45546,-7037160.87589
2010-12-31 00:00:00,-8.11390474314e-09,3.81082674968e-09,-3349840.88614,-1.98528796684e-08,-839634.249836,-3.8629535662e-08,-1.97192274082e-07,-3349840.88614,-60024037.4683,-56725117.1056,-57516486.5117,-56725242.994,-56711357.3306,-60022670.3186,-6699681.77228,-3349840.88614,-4190383.27171,-3349840.88614,-3349840.88614,-6699681.77228
2011-01-31 00:00:00,-3.44584085224e-09,6.96603456888e-09,-3193816.6517,-1.1977766216e-08,-663454.403104,-1.00395086258e-08,-5.03119321726e-08,-3193816.6517,-59787448.3938,-56644866.9569,-54416787.8994,-56644674.0465,-56631374.1799,-59787972.1606,-6387633.3034,-3193816.6517,-3858178.92967,-3193816.6517,-3193816.6517,-6387633.3034
2011-02-28 00:00:00,-2.6039446023e-08,6.88962214508e-09,-2780769.89765,-904.09215685,-759020.58095,-7.18146268384e-08,-8.64354945998e-08,-2936125.25046,-59171338.8649,-56463160.4887,-57151736.8746,-56436880.9367,-56424430.4994,-59334588.7955,-5561539.7953,-2782127.28444,-3540698.51079,-2780769.89765,-2780769.89765,-5717798.93818
2011-03-31 00:00:00,-1.26057661637e-08,2.65933878493e-09,-2487517.54461,-907.600371513,-741139.022127,-5.23760732079e-08,-3.10612672509e-08,-2931576.86708,-58733886.9331,-56356453.2834,-56987453.2949,-56289580.6136,-56277552.1468,-59172245.6568,-4975035.08921,-2488879.31957,-3229564.57295,-2487517.54461,-2487517.54461,-5420001.67372
2011-04-30 00:00:00,-6.45813384364e-09,3.40545194427e-09,-2534184.14099,-905.108597909,-371258.552994,-1.75578482339e-08,-2.19018931791e-08,-2725174.92129,-58800553.4121,-56343038.7604,-56649527.3809,-56312648.2502,-55952236.3713,-59005129.6669,-5068368.28199,-2535542.79951,-2906349.61066,-2534184.14099,-1835592.59902,-5260263.85038
2011-05-31 00:00:00,-6.58407542228e-09,3.6606634408e-09,-2544035.75634,-890.953713881,-7.76746127009e-08,-2.02707141711e-08,-2.20278347577e-08,-2590640.07028,-58817817.7904,-56324171.8038,-56305836.3771,-56317535.745,-55644067.798,-59199427.0473,-5088071.51268,-2545376.7579,-2544035.75634,-2544035.75634,-1217991.25233,-5135566.65234
2011-06-30 00:00:00,-4.44735202391e-09,3.07821364913e-09,-2504361.80797,-5.30947970987e-08,-2.29411488738e-08,-1.61468784784e-08,-1.98911113593e-08,-2504361.80797,-58756682.1808,-56297091.198,-56285469.0793,-56297287.144,-55335169.8579,-59335792.6053,-5008723.61595,-2504361.80797,-2504361.80797,-2504361.80797,-599137.290643,-5008723.61595
2011-07-31 00:00:00,-5.70575959664e-09,5.67346070535e-09,-3327675.2129,-3.01033599702e-08,-4.23680896633e-08,-2.83933528198e-08,-2.15987204841e-08,-3327675.2129,-59984452.2977,-56708931.6631,-56695520.8179,-56709192.4036,-56696620.2173,-59919759.2126,-6655350.42581,-3327675.2129,-3327675.2129,-3327675.2129,-3327675.2129,-6655350.42581
2011-08-31 00:00:00,-1.12588196981e-08,1.11337476494e-08,-3506271.30469,-3.65913702805e-08,-1.02527221434e-07,-6.64824145028e-08,-6.05698175317e-08,-3506271.30469,-60249641.6187,-56798334.5413,-56784030.9578,-56798222.1184,-56784116.0722,-60257287.9106,-7012542.60937,-3506271.30469,-3506271.30469,-3506271.30469,-3506271.30469,-7012542.60937
2011-09-30 00:00:00,-1.69360122094e-09,1.35556248093e-08,-3878965.27887,-3.90730315884e-09,-5.39760715054e-08,-1.08392933794e-08,-9.91814734664e-08,-3878965.27887,-60803045.4024,-56985092.9998,-56969575.9174,-56984971.5357,-56969634.9802,-60606545.5129,-7757930.55775,-3878965.27887,-3878965.27887,-3878965.27887,-3878965.27887,-7106346.06277
2011-10-31 00:00:00,-1.36058498708e-07,1.6620510767e-08,-3814054.68342,-905.30958299,-154009.155698,-907.69546008,-2.72116997397e-07,-3530418.46854,-60465897.7446,-56744628.4942,-56837269.3937,-56772718.5392,-56695003.0898,-60193916.7019,-7142878.23942,-3329275.04254,-3482829.32302,-3329278.02658,-3327916.13274,-6859239.63642
2011-11-30 00:00:00,-1.36791803356e-08,1.65114598574e-08,-3319821.82976,-3.10233332097e-08,-1.28517677694e-07,-290.449653971,-1.62056070739e-07,-3318941.46248,-59994360.0009,-56704146.199,-56690826.3516,-56700904.3502,-56690748.3041,-59980433.7208,-6639053.719,-3318941.46248,-3318941.46248,-3319485.94352,-3318941.46248,-6637882.92497
2011-12-31 00:00:00,-5.42594598346e-08,1.69292866694e-08,-3100703.1497,-905.212080993,-1.52663189357e-07,-3.27826618773e-07,-2.7106915669e-07,-3298731.65931,-59650572.0773,-56624235.4372,-56582085.1259,-56595344.8106,-56582134.1733,-59848883.0774,-6201406.2994,-3102061.93756,-3100703.1497,-3100703.1497,-3100703.1497,-6400339.75156
2012-01-31 00:00:00,-1.05493282739e-08,1.41181112639e-08,-2900637.44217,-907.247136695,-3.97457888833e-08,-2.89115390782e-08,-1.74959172544e-07,-3286960.25163,-59276672.6091,-56542764.6007,-56482483.7261,-56495397.142,-56482968.2772,-59733272.4791,-5801274.88433,-2901998.7754,-2900637.44217,-2900637.44217,-2900637.44217,-6188504.67715
2012-03-31 00:00:00,-1.1945725788e-07,5.7342225581e-09,-2815030.31281,-909.014319421,-364688.505288,-908.23577163,-2.38914515745e-07,-3829739.38309,-58894652.4169,-56323499.2801,-56460938.697,-56222502.5499,-56118769.3472,-59873343.7816,-4987173.02696,-2172598.41739,-2536830.25752,-2172597.44389,-2171234.87439,-6001882.88094
2012-04-30 00:00:00,-4.43587789832e-08,5.06246420961e-09,-2751448.00263,-909.185138521,-279914.676291,-908.640988065,-8.87175579643e-08,-3991544.8986,-58676833.1333,-56224844.6542,-56229534.214,-56098023.1804,-55969619.6651,-58760407.2457,-4623475.97248,-1872483.54224,-2151940.68083,-1872482.86186,-1871119.78566,-5863573.41613
2012-05-31 00:00:00,-1.57553338707e-08,8.05267267733e-09,-2127126.46562,-908.938326093,-1.21852186355e-07,-5.1094851332e-08,-5.4592876644e-08,-3613432.74362,-58195956.3376,-56270756.3366,-56097614.3833,-56108887.0162,-56097529.8093,-63180369.5612,-4254252.93124,-2128489.91361,-2127126.46562,-2127126.46562,-2127126.46562,-5741467.77488
2012-06-30 00:00:00,-3.05390425195e-08,1.44738386294e-08,-1971462.19835,-909.049548064,-1.64979115882e-07,-1.04862245435e-07,-1.14913261731e-07,-3643697.53637,-57960804.3324,-56236200.1109,-56019272.1169,-56030111.1449,-56019415.1536,-60351249.8388,-3942924.3967,-1972825.7854,-1971462.19835,-1971462.19835,-1971462.19835,-5616068.36223
2012-07-31 00:00:00,-4.03770898623e-08,1.8576224761e-08,-2064709.4897,-908.933280023,-1.93403635654e-07,-1.30598847421e-07,-1.80278227292e-07,-3418575.18717,-58098138.4413,-56275227.0404,-56065937.0066,-56077197.0345,-56066080.9367,-58417245.8244,-4129418.97939,-2066072.93137,-2064709.4897,-2064709.4897,-2064709.4897,-5484193.18861
2012-08-31 00:00:00,-1.86695995685e-08,1.83281862255e-08,-3014347.04936,-5.51779050429e-08,-1.67672601915e-07,-9.93431524187e-08,-1.60210947109e-07,-3014347.04936,-59518624.1823,-56553121.401,-56539930.7104,-56552734.7842,-56539793.9174,-59518523.6235,-6028694.09872,-3014347.04936,-3014347.04936,-3014347.04936,-3014347.04936,-6028694.09872
2012-09-30 00:00:00,-2.07451853689e-08,2.03244945183e-08,-2990107.10094,-5.71438402031e-08,-1.79877941602e-07,-1.10987538013e-07,-3.17915017683e-07,-2990107.10094,-59480181.6328,-56538885.4474,-56526306.2312,-56539328.272,-56526437.5036,-59476880.3381,-5980214.20187,-2990107.10094,-2990107.10094,-2990107.10094,-2990107.10094,-5980214.20187
2012-10-31 00:00:00,-2.31605456441e-08,2.26374250683e-08,-3599394.77208,-6.14328785628e-08,-2.27155509687e-07,-1.32827892664e-07,-3.53436274424e-07,-3599394.77208,-60387764.3955,-56845031.3457,-56830616.7739,-56844983.485,-56830572.7911,-60387634.1547,-7198789.54416,-3599394.77208,-3599394.77208,-3599394.77208,-3599394.77208,-7198789.54416
2012-11-30 00:00:00,-3.78250328226e-09,1.26355827114e-08,-3667597.61346,-9.46949728869e-09,-1.64803744078e-07,-1.63163084395e-08,-3.97368129589e-07,-3667597.61346,-60487740.0149,-56879074.8173,-56864859.6603,-56879153.0381,-56864581.0698,-58427822.9645,-7335195.22693,-3667597.61346,-3667597.61346,-3667597.61346,-3667597.61346,-7335195.22693
2012-12-31 00:00:00,-5.14954801335e-08,4.84339109916e-09,-3572595.55765,-907.556072396,-1.28352076486e-07,-905.043774587,-2.07551995526e-07,-3830960.74916,-60265649.2162,-56810939.929,-56721661.3267,-56768790.4064,-56722057.3766,-62205220.315,-6955870.71843,-3383732.10981,-3382370.39027,-3383728.96761,-3382370.39027,-7214238.42008
2013-01-31 00:00:00,-1.15116285078e-08,1.13809091972e-08,-3912315.80462,-3.13331645649e-08,-1.3565423525e-07,-5.55816636539e-08,-1.8781335229e-07,-3912315.80462,-60852371.403,-57002022.9179,-56986325.7306,-57001857.8475,-56986252.3879,-60852695.3501,-7824631.60923,-3912315.80462,-3912315.80462,-3912315.80462,-3912315.80462,-7824631.60923
2013-02-28 00:00:00,-1.23649916209e-08,1.22143002316e-08,-3932128.67266,-3.24327060929e-08,-1.25619034992e-07,-7.36432202702e-08,-1.82043937608e-07,-3932128.67266,-60879819.2504,-57011064.7284,-56995399.1931,-57011195.0454,-56995471.9223,-60881011.3092,-7864257.34531,-3932128.67266,-3932128.67266,-3932128.67266,-3932128.67266,-7864257.34531
2013-03-31 00:00:00,-4.19875979367e-09,1.05634805665e-08,-4262269.0727,-9.86083602458e-09,-1.01267719785e-07,-2.78579910323e-08,-1.15518528301e-07,-4262269.0727,-61371011.2998,-57177133.7206,-57160438.1995,-57177170.4885,-57160079.5874,-60035023.1476,-8524538.14539,-4262269.0727,-4262269.0727,-4262269.0727,-4262269.0727,-8524538.14539
2013-04-30 00:00:00,-3.828876218e-08,9.56048402722e-09,-4225672.81018,-907.272280918,-1.45522363591e-07,-905.644806769,-9.78413259001e-08,-4401465.66284,-61225748.1856,-57099813.3147,-57030011.2947,-57079272.5529,-57030374.6927,-59468429.0542,-8228763.85346,-4003546.98809,-4002185.62346,-4003544.95256,-4002185.62346,-8404558.3393
2013-05-31 00:00:00,-2.29420330997e-08,1.25062455743e-08,-4085545.50276,-901.761790623,-1.49604058798e-07,-8.08644314164e-08,-7.72054845109e-08,-4195352.39269,-61108933.949,-57104373.4974,-57072720.2411,-57088664.4567,-57072235.6274,-61153844.3755,-8171091.00553,-4086899.97229,-4085545.50276,-4085545.50276,-4085545.50276,-8281799.46307
2013-06-30 00:00:00,-3.46989008863e-08,1.63270946746e-08,-3992428.42762,-904.386951822,-1.7036302095e-07,-1.17204724655e-07,-1.41904696722e-07,-4159552.10847,-60970243.7922,-57069656.1365,-57025407.8117,-57041519.0598,-57025624.3362,-61810939.6085,-7984856.85525,-3993786.18316,-3992428.42762,-3992428.42762,-3992428.42762,-8152884.70275
2013-07-31 00:00:00,-1.98839885086e-08,1.94971753876e-08,-4287309.99191,-5.63211839809e-08,-1.7085625467e-07,-1.17426516034e-07,-1.87344291001e-07,-4287309.99191,-61407131.046,-57189500.5753,-57172294.0512,-57189544.3554,-57172281.8281,-61408763.0769,-8574619.98383,-4287309.99191,-4287309.99191,-4287309.99191,-4287309.99191,-8574619.98383
2013-08-31 00:00:00,-9.17827768224e-09,2.06203072092e-08,-4421040.40065,-2.14629602992e-08,-1.61409778665e-07,-6.54655074164e-08,-3.20147475282e-07,-4421040.40065,-61603662.0817,-57256884.3601,-57239213.1624,-57256863.192,-57238999.6611,-61848043.277,-8842080.8013,-4421040.40065,-4421040.40065,-4421040.40065,-4421040.40065,-8842080.8013
2013-09-30 00:00:00,-1.20365696698e-07,2.26744999617e-08,-4323875.55136,-907.171808487,-2.94193225533e-07,-904.045050721,-5.11726616946e-07,-4549622.45175,-61408299.2093,-57181106.7048,-57111988.6655,-57152745.9424,-57112345.6762,-61400482.9703,-8492153.19857,-4168735.05707,-4167373.81809,-4168731.14577,-4167373.81809,-8717903.23026
2013-10-31 00:00:00,-9.15924306403e-08,2.59754818171e-08,-4258259.78071,-897.831722532,-3.24632543022e-07,-3.30791115958e-07,-5.00389587671e-07,-4329099.72932,-61362931.9317,-57185047.8351,-57157707.4115,-57175233.5005,-57157823.546,-59363512.7401,-8516519.56142,-4259609.28681,-4258259.78071,-4258259.78071,-4258259.78071,-8588257.08356
2013-11-30 00:00:00,-2.52229567975e-08,2.46037672826e-08,-4425445.67561,-6.04065935772e-08,-2.26245399819e-07,-2.69549758982e-07,-4.88900632518e-07,-4425445.67561,-61607334.2288,-57259081.646,-57239968.7229,-57259101.052,-57240159.0407,-61609778.4282,-8850891.35123,-4425445.67561,-4425445.67561,-4425445.67561,-4425445.67561,-8850891.35123
2013-12-31 00:00:00,-6.07679654461e-09,2.41994221201e-08,-5565578.7127,-1.29191596858e-08,-1.19783999147e-07,-1.34115350488e-07,-5.59363770545e-07,-5565578.71269,-63271420.1344,-57830584.9579,-57801285.9533,-57830888.7401,-57802498.4544,-77954235.9264,-11131157.4254,-5565578.71269,-5565578.71269,-5565578.71269,-5565578.7127,-11131157.4254
2014-01-31 00:00:00,-5.64943563895e-07,2.65905675273e-08,-5808602.4294,-908.602665402,-207257.683029,-908.380415802,-1.12988712744e-06,-6059324.38936,-63265906.1979,-57730424.9809,-57696525.4151,-57657744.1569,-57500101.5476,-60085089.3529,-10762722.0733,-4954574.51557,-5161374.42223,-4954574.23765,-4953211.48736,-11013444.252
2014-02-28 00:00:00,-1.49814806812e-09,1.27812716794e-08,-6456935.60414,-3.71185000602e-09,-3.48203395085e-08,-8.39521424663e-09,-2.60323941573e-08,-6456935.60414,-64448937.1856,-58280329.3708,-58225935.7534,-58283117.5657,-58223200.9172,-63742271.3194,-12913871.2083,-6456935.60414,-6456935.60414,-6456935.60414,-6456935.60414,-10894928.6818
2014-03-31 00:00:00,-740780.350541,9.17140238935e-09,-6925446.1086,-741236.312614,-1176097.53013,-741688.930152,-926066.529531,-5659648.42866,-64351061.4092,-58163558.7155,-58619998.7988,-58249603.6028,-58369386.2724,-63108917.2231,-11843547.9965,-5658733.40867,-6094198.19232,-5659336.77911,-5844164.8666,-10577297.7865
2014-04-30 00:00:00,-804666.690886,1.0838422363e-08,-6731160.91226,-805574.738319,-1299479.33877,-805575.392996,-805577.886343,-5909033.64741,-63907408.0939,-57998940.6717,-58507515.1364,-58018746.8076,-58014921.9087,-63088459.9688,-11152067.7332,-5226027.27858,-5720385.04919,-5226028.09763,-5226031.21305,-10329939.8129
2014-05-31 00:00:00,-912203.187232,1.48561897797e-08,-7046192.70533,-913112.029149,-1688294.59148,-913112.127566,-913112.855826,-6476116.64674,-63828912.8613,-57884872.5562,-58518796.8265,-57847063.1091,-57751003.4708,-63266186.5608,-10690888.8016,-4557353.82775,-5332989.95472,-4557353.9508,-4557354.8612,-10120812.6446
2014-06-30 00:00:00,-1.14449236131e-07,2.10422974022e-08,-6449317.19715,-908.998990792,-1059195.80794,-909.052939893,-2.28898472248e-07,-6057771.63349,-63348295.293,-57240669.5807,-57992406.8458,-57191742.7817,-56965500.9095,-62963588.3914,-10321812.1872,-3872949.71326,-4931690.33567,-3872949.78071,-3871586.18945,-9930266.5662
2014-07-31 00:00:00,-4.39420653211e-08,1.82879590157e-08,-5371042.46238,-907.664265112,-2.50644979454e-07,-908.18116433,-9.97475805942e-08,-5130513.43563,-62662378.3834,-57413326.9733,-57337409.4254,-57405330.6049,-57337950.4926,-62433286.6606,-9994486.88756,-4623898.26107,-4622536.40629,-4623898.90744,-4622536.40629,-9753957.3382
2014-08-31 00:00:00,-1.115507049e-08,2.23875141452e-08,-4900864.01053,-2.36345040063e-08,-2.42905240129e-07,-901.473174493,-2.03518365837e-07,-4794687.26725,-62899135.1699,-57443626.1296,-57423901.7625,-57451282.9245,-57423578.488,-62136817.8264,-9696452.73175,-4794687.26725,-4794687.26725,-4796041.37489,-4794687.26725,-9589374.53449
2014-09-30 00:00:00,-6.90330522095e-09,2.70370934688e-08,-4717702.29757,-1.41542395044e-08,-2.66653920094e-07,-759.061498692,-3.30001292312e-07,-4695814.32824,-62073233.3144,-57394196.9085,-57374888.3555,-57392853.3208,-57374872.4783,-61977699.9864,-9414276.45532,-4695814.32824,-4695814.32824,-4696995.8269,-4695814.32824,-9391628.65648
2014-10-31 00:00:00,-1.56949027605e-07,2.68826965199e-08,-4762782.28344,-907.107374404,-3.82666715948e-07,-907.254041522,-6.72098975044e-07,-4735080.34841,-61934960.4019,-57277531.0825,-57209124.9561,-57275820.4637,-57209485.8443,-61908752.7597,-9127311.71651,-4364983.5393,-4363622.3809,-4364983.72271,-4363622.3809,-9099609.62675
2014-11-30 00:00:00,-5.47758995292e-09,2.58861835675e-08,-4415450.87282,-1.68649578542e-08,-4.41375953949e-08,-2.04411045428e-08,-4.9336061725e-07,-4415450.87282,-61598699.2768,-57253839.7116,-57236368.5484,-57253742.7015,-57235941.862,-61577716.2448,-8830901.74564,-4415450.87282,-4415450.87282,-4415450.87282,-4415450.87282,-8830901.74564
2014-12-31 00:00:00,-3.93862632587e-07,6.31062593087e-09,-4617712.46066,-908.635069843,-359650.898751,-908.479078721,-7.87725265005e-07,-4814063.04625,-61442866.1399,-57018733.7135,-57213934.3089,-56990674.7035,-56873987.2983,-61643140.7302,-8305491.25684,-3688233.63014,-4047428.30704,-3688233.43508,-3686870.56136,-8501841.99668
2015-01-31 00:00:00,-5.36213974022e-07,1.63266300089e-08,-4417746.71037,-908.633678055,-115364.732785,-908.383470321,-1.07242794773e-06,-4731668.69814,-61174987.5498,-56937977.6369,-56913546.6287,-56902526.3335,-56805501.5127,-61497425.9725,-7968443.92403,-3551152.11005,-3666056.40071,-3551151.79717,-3549789.043,-8282366.16406
2015-02-28 00:00:00,-1.84978917636e-07,6.87981405775e-09,-4792611.38348,-909.076026595,-397567.34264,-908.995886544,-3.69957835233e-07,-5217232.28238,-61200393.482,-56727265.2829,-56846081.3468,-56660912.2967,-56468924.1517,-61605318.688,-7667024.41112,-2874867.95691,-3271978.73912,-2874867.85671,-2873504.33676,-8091645.38787
2015-03-31 00:00:00,-1.04080091252e-07,1.80498156382e-08,-4449795.61472,-909.013489865,-2.94385968629e-07,-908.864634727,-3.3379157499e-07,-5030774.53335,-60884659.1175,-56707025.0252,-56491067.8991,-56642948.6751,-56491676.9815,-61442033.269,-7369976.70852,-2920636.05392,-2919272.51196,-2920635.86781,-2919272.51196,-7950955.77535
2015-04-30 00:00:00,-1.13759791981e-07,2.00843532989e-08,-3922887.36467,-908.847791644,-3.64956542685e-07,-908.342323658,-3.21681231544e-07,-4696716.92118,-60468991.6436,-56748389.6196,-56593804.6219,-56688436.249,-56593613.5961,-61104984.9925,-7046662.3564,-3124230.23649,-3122866.9017,-3124229.60443,-3122866.9017,-7820492.41954
2015-05-31 00:00:00,-7.73950684016e-08,2.04255197481e-08,-3700092.73468,-908.932502507,-3.14528632216e-07,-908.256455426,-1.92288904622e-07,-4704755.4575,-60184863.505,-56721585.2593,-56526619.6342,-56638232.8163,-56527257.0386,-61292557.0054,-6691550.47517,-2991913.22268,-2990549.78198,-2991912.37733,-2990549.78198,-7696213.87901
2015-06-30 00:00:00,-4.2480422858e-08,2.1620269728e-08,-3680053.11923,-905.450929638,-3.05722029745e-07,-1.26627265225e-07,-1.69747750715e-07,-3893881.72487,-60507630.1759,-56910285.0785,-56871056.5526,-56885373.4363,-56870760.9391,-109415290.05,-7360106.23846,-3681412.20581,-3680053.11923,-3680053.11923,-3680053.11923,-7574840.12009
2015-07-31 00:00:00,-1.27162783235e-07,2.69287470317e-08,-3547212.31054,-907.880660753,-4.08996991263e-07,-900.8025773,-3.58872179939e-07,-4002684.07504,-60279285.7061,-56840534.3779,-56755411.1026,-56786062.7572,-56755950.8871,-49593058.4163,-6998716.56322,-3451965.84312,-3450603.7177,-3451956.98373,-3450603.7177,-7454195.42066
2015-08-31 00:00:00,-3.70515290102e-09,2.88552010703e-08,-3666298.17048,-7.58268734275e-09,-3.03173000739e-07,-1.52380253826e-07,-5.20977605309e-07,-3666298.17048,-60488078.5597,-56878751.6334,-56864224.6324,-56878811.3886,-56864132.2659,-59218039.7566,-7332596.34097,-3666298.17048,-3666298.17048,-3666298.17048,-3666298.17048,-7332596.34097
2015-09-30 00:00:00,-8.60555388278e-08,2.92068079296e-08,-3542311.4595,-897.080731522,-3.23647835639e-07,-2.6639013449e-07,-6.21885385043e-07,-3608581.07462,-60301788.7379,-56825895.788,-56801667.4294,-56981089.4787,-56807420.8528,-60455400.8786,-7084622.91899,-3543660.02198,-3542311.4595,-3542311.4595,-3542311.4595,-7151789.28806
2015-10-31 00:00:00,-2.85222382522e-09,2.90770734634e-08,-3491317.61526,-6.89210315702e-09,-6.56023587027e-08,-1.4580056014e-08,-5.38197085765e-07,-3491317.61526,-60183413.4145,-56791090.1877,-56776723.2296,-56790918.3303,-56776873.7093,-60219353.008,-6982635.23053,-3491317.61526,-3491317.61526,-3491317.61526,-3491317.61527,-6982635.23053
2015-11-30 00:00:00,-3.78459251687e-07,2.42173707903e-08,-3452981.39583,-908.068282908,-88428.8104338,-907.558796801,-7.56918503219e-07,-3621357.82277,-59949711.9444,-56628724.4046,-56616016.4624,-56608381.4098,-56535315.1268,-60108060.7986,-6461097.06596,-3008570.76101,-3096538.52535,-3008570.12392,-3007208.40096,-6629474.00143
2015-12-31 00:00:00,-6.61213360992e-08,1.31394287317e-08,-3014311.36605,-907.245665695,-1.53479572433e-07,-894.321486858,-3.38112227443e-07,-3343539.19651,-59501923.7804,-56575716.9512,-56511736.9825,-56532841.9756,-56511726.4797,-59827520.3733,-5974387.43895,-2960543.38578,-2959182.05439,-2960527.19564,-2959182.05439,-6303628.22324
2016-01-31 00:00:00,-5.52086025775e-09,5.01281353041e-09,-2808067.21413,-912.210437172,-2.3954968972e-08,-1.52413966837e-08,-4.7172032572e-08,-3210568.99115,-59210747.4783,-56501111.1771,-56436115.3085,-56448863.9958,-56436250.8268,-59624254.9839,-5616134.42826,-2809434.75063,-2808067.21413,-2808067.21413,-2808067.21413,-6019543.27482
2016-03-31 00:00:00,-336912.596341,2.87023725019e-09,-2545804.02645,-337816.832853,-686104.891364,-337820.170055,-337827.953979,-4054782.05467,-58429811.7528,-57003416.5269,-56595651.7282,-56232764.304,-56248146.2726,-59788821.344,-4327917.4622,-2119476.40318,-2468217.93045,-2119480.57631,-2119490.32482,-5836896.98187
2016-04-30 00:00:00,-2.38299693324e-08,6.44858035216e-09,-2018269.7317,-909.049393797,-69790.6768181,-7.92692185395e-08,-6.56251527995e-08,-3695626.81691,-58033217.0881,-56259639.4528,-56105095.1319,-56054018.5421,-56043096.7193,-59682772.158,-4036539.46341,-2019633.31856,-2088960.95688,-2018269.7317,-2018269.7317,-5714805.1777
2016-05-31 00:00:00,-1.11661123278e-08,7.55412289065e-09,-2272514.52272,-908.699748568,-6.50167288451e-08,-3.75230303438e-08,-4.1426880865e-08,-3312468.59472,-58411532.368,-56318248.646,-56169721.0564,-56181151.3244,-56169750.0437,-59316913.875,-4545029.04545,-2273877.6724,-2272514.52272,-2272514.52272,-2272514.52272,-5585891.44534
2016-06-30 00:00:00,-9.51466235372e-09,9.4251857813e-09,-2820932.07631,-3.77121779707e-08,-8.06090261104e-08,-5.66915479936e-08,-3.86062600035e-08,-2820932.07631,-59228904.7766,-56454864.1612,-56442711.5524,-56455206.5935,-56442721.5622,-59228773.5263,-5641864.15262,-2820932.07631,-2820932.07631,-2820932.07631,-2820932.07631,-5641864.15262
2016-07-31 00:00:00,-1.65177965732e-08,1.62499839442e-08,-3417659.50704,-5.16315070086e-08,-1.57542954602e-07,-9.0291584694e-08,-1.04114362024e-07,-3417659.50704,-60117846.9635,-56753962.7243,-56740112.1264,-56753957.2033,-56740007.7409,-60118338.9141,-6835319.01408,-3417659.50704,-3417659.50704,-3417659.50704,-3417659.50704,-6835319.01408
2016-08-31 00:00:00,-1.92624162016e-08,1.88991877179e-08,-3486745.96623,-5.53265129102e-08,-1.74123564598e-07,-1.01769325876e-07,-1.97561215268e-07,-3486745.96623,-60219743.6902,-56788179.5939,-56774077.0197,-56788244.6811,-56774091.348,-60219667.1568,-6973491.93247,-3486745.96623,-3486745.96623,-3486745.96623,-3486745.96623,-6973491.93247
2016-09-30 00:00:00,-6.73516121248e-09,2.05821601384e-08,-3599692.80582,-1.45491793417e-08,-1.83471968595e-07,-1.08722787665e-07,-2.05298880968e-07,-3599692.80582,-60388703.2106,-56845298.9239,-56830872.8363,-56845428.8289,-56830730.3001,-60380252.7394,-7199385.61164,-3599692.80582,-3599692.80582,-3599692.80582,-3599692.80582,-7199385.61164
2016-10-31 00:00:00,-1.84228289893e-08,1.38769550726e-08,-3463442.93948,-903.845419551,-1.08463083583e-07,-4.45536262775e-08,-2.22283323479e-07,-3613907.97366,-60184102.8475,-56799678.5595,-56762135.0474,-56776345.4422,-56762562.1093,-60188190.8443,-6926885.87896,-3464800.01735,-3463442.93948,-3463442.93948,-3463442.93948,-7078254.52921
2016-11-30 00:00:00,-2.59155649531e-07,1.12615736143e-08,-3669066.28278,-908.634919568,-99453.6331922,-908.274838765,-5.18311298989e-07,-3992948.89862,-60137064.7935,-56674409.4842,-56601603.1668,-56627871.1105,-56511213.3914,-60444426.7039,-6629157.70746,-2960546.5342,-3059538.97061,-2960546.08394,-2959183.4656,-6953040.68729
2016-12-31 00:00:00,-1.56856816277e-09,5.03135545531e-09,-3582481.722,-3.78227010067e-09,-1.72054330239e-08,-1.53086147534e-08,-2.19515525861e-08,-3582481.722,-60362889.4021,-56836047.1796,-56763308.657,-56836473.4032,-56821353.7196,-60349126.4906,-7164963.444,-3582481.722,-3462696.95815,-3582481.722,-3582481.722,-7085740.28325
2017-01-31 00:00:00,-1.22732471548e-09,2.12146937256e-09,-3444107.03374,-3.82265975398e-09,-1.68641895766e-08,-4.55211664626e-09,-1.66710840509e-08,-3444107.03374,-60130686.2066,-56767655.5608,-56599811.7444,-56766680.825,-56515649.4422,-60176394.5234,-6888214.06747,-3444107.03374,-3134068.67156,-3444107.03374,-2967587.12219,-6888214.06747
2017-02-28 00:00:00,-1.77980353668e-09,1.22028572472e-09,-2816080.70602,-7.22085474769e-09,-1.90757314318e-08,-5.69364561195e-09,-1.72235628721e-08,-2816080.70602,-59224108.5238,-56453630.0246,-56441906.8497,-56453684.036,-56187675.6897,-59221235.0318,-5632161.41205,-2816080.70602,-2816080.70602,-2816080.70602,-2308240.24295,-5632161.41205
2017-03-31 00:00:00,-1.54437593357e-08,3.01688822405e-09,-2719879.56004,-908.544990634,-180481.898868,-907.583245605,-3.08875186711e-08,-3151679.12422,-58863403.1889,-56312598.2181,-56345416.493,-56256948.6678,-55834141.5484,-59243742.9581,-5011830.7628,-2292406.96304,-2472430.62407,-2292405.76044,-1599139.35921,-5443631.29382
2017-04-30 00:00:00,-4.3529693962e-09,2.51970306771e-09,-2437905.50689,-907.590204259,-2.49296332766e-08,-1.29456296502e-08,-1.97967287316e-08,-2877928.34306,-58658225.3526,-56331759.5768,-56252172.8473,-56263829.6508,-55322591.8418,-59076645.7469,-4875811.01378,-2439267.26914,-2437905.50689,-2437905.50689,-574403.728516,-5316741.0949
2017-05-31 00:00:00,-3.15376663688e-09,2.82490650491e-09,-2723308.13687,-1.51168169909e-08,-2.07687835272e-08,-1.2084765394e-08,-1.85975259723e-08,-2723308.13687,-59084242.254,-56406740.057,-56394594.8716,-56406855.4185,-54779012.5186,-59084048.7339,-5446616.27374,-2723308.13687,-2723308.13687,-2723308.13687,514239.678155,-5446616.27374
2017-06-30 00:00:00,-4.35833575738e-09,3.46738052304e-09,-2950697.445,-2.42434397665e-08,-2.41755551067e-08,-1.99969697856e-08,-1.98020950928e-08,-2950697.445,-59423042.2062,-56520774.8717,-56507890.4943,-56520743.8781,-54441307.1864,-59422576.9792,-5901394.89,-2950697.445,-2950697.445,-2950697.445,1190920.73221,-5901394.89
2017-07-31 00:00:00,-5.52411677892e-09,7.26724260434e-09,-3586347.49439,-3.32425874454e-08,-2.116098164e-08,-4.64363675364e-08,-2.32065287654e-08,-3586347.49439,-60368839.5438,-56838777.3295,-56766094.8919,-56838829.8239,-56824731.6558,-60368557.0496,-7172694.98878,-3586347.49439,-3468607.83013,-3586347.49439,-3586347.49439,-7172694.98878
2017-08-31 00:00:00,-7.39420318947e-09,1.19192551294e-08,-3901660.72883,-3.77868553225e-08,-2.30310680506e-08,-6.07808165615e-08,-5.82701602419e-08,-3901660.72883,-60837477.6891,-56997173.9936,-56599753.5488,-56997274.2741,-56981965.7067,-60837245.8418,-7803321.45766,-3901660.72883,-3133901.54888,-3901660.72883,-3901660.72883,-7803321.45766
2017-09-30 00:00:00,-1.69613291821e-09,1.44034990723e-08,-4374747.71919,-4.44854852668e-09,-1.73329977793e-08,-1.19466011821e-08,-1.71398922536e-08,-4374747.71919,-61539604.6763,-57234076.7339,-56443904.3398,-57234278.1242,-56583355.1382,-61541587.0653,-8749495.43838,-4374747.71919,-2821289.5513,-4374747.71919,-3102337.37133,-8749495.43838
2017-10-31 00:00:00,-2.25138739907e-08,1.88636843066e-08,-5783212.15637,-6.41851687684e-07,-7.92082123329e-08,-1.69754105302e-06,-6.32189237887e-08,-6116079.72763,-61962279.2194,-56268937.6173,-56259016.948,-56269592.2452,-56258347.9843,-62294238.7203,-8232728.78252,-2448607.75721,-2448607.7572,-2448607.75721,-2448607.7572,-8565596.37623
