date,INFLOW-stor_Folsom,INFLOW-stor_Keswick,INFLOW-stor_New Melones,INFLOW-stor_Nimbus,INFLOW-stor_Pine Flat,INFLOW-stor_Shasta,flow_Folsom-stor_Nimbus,flow_Keswick-DELTA,flow_New Melones-DELTA,flow_Nimbus-DELTA,flow_Pine Flat-DELTA,flow_Shasta-stor_Keswick,spill_Folsom-flow_Folsom,spill_Keswick-flow_Keswick,spill_New Melones-flow_New Melones,spill_Nimbus-flow_Nimbus,spill_Pine Flat-flow_Pine Flat,spill_Shasta-flow_Shasta,stor_Folsom-flow_Folsom,stor_Folsom-spill_Folsom,stor_Keswick-flow_Keswick,stor_Keswick-spill_Keswick,stor_New Melones-flow_New Melones,stor_New Melones-spill_New Melones,stor_Nimbus-flow_Nimbus,stor_Nimbus-spill_Nimbus,stor_Pine Flat-flow_Pine Flat,stor_Pine Flat-spill_Pine Flat,stor_Shasta-flow_Shasta,stor_Shasta-spill_Shasta
2010-10-31 00:00:00,44.0510425798,3.85709378382e-09,28.7994896767,3.85713365636e-09,32.9228260802,116.525348983,2.09387357806,7.69732525389e-09,-3.85497015983e-09,-3.83747872006e-09,-3.85390597181e-09,5.66297599025,-3.85796286533e-09,-3.85796084318e-09,-3.85795394463e-09,-3.85795238579e-09,-3.8579537706e-09,-3.85796284583e-09,2.09387358192,-3.85796288452e-09,1.15552830309e-08,-3.85796184069e-09,2.97039181836e-12,-3.85795841327e-09,2.04579158735e-11,-3.85795761428e-09,4.03413451579e-12,-3.85795831598e-09,5.66297599411,-3.8579629038e-09
2010-11-30 00:00:00,59.1174753639,3.85702184423e-09,28.8372086813,3.85702184423e-09,84.658681678,133.632747712,65.5551305065,958.243149929,-3.85465734767e-09,65.5551305103,-3.85019595766e-09,958.243149925,-3.85796292551e-09,-3.85796294435e-09,-3.85795381555e-09,-3.85796294436e-09,-3.857952847e-09,-3.85796292527e-09,65.5551305103,-3.85796295062e-09,958.243149933,-3.85796293181e-09,3.28280324901e-12,-3.85795839691e-09,65.5551305142,-3.8579629318e-09,7.74176549944e-12,-3.85795790629e-09,958.243149929,-3.85796295085e-09
2010-12-31 00:00:00,312.664579793,3.85697165033e-09,82.8057690306,3.85697165033e-09,139.698844395,385.180790556,114.934378338,298.773523637,-3.85386147474e-09,114.934378342,18.5494256621,298.773523633,-3.85796283284e-09,-3.85796285137e-09,-3.85795353651e-09,-3.85796285142e-09,-3.85796284637e-09,-3.85796283234e-09,114.934378342,-3.85796285954e-09,298.773523641,-3.85796284105e-09,4.07811532137e-12,-3.85795821042e-09,114.934378346,-3.85796284101e-09,18.549425666,-3.85796284606e-09,298.773523637,-3.85796286003e-09
2011-01-31 00:00:00,156.173883015,3.85692052006e-09,59.5486932452,3.85692052006e-09,75.1781085948,212.584430168,531.918624174,411.078935961,-3.85275271069e-09,531.918624178,74.8365184068,411.078935957,-3.85796274668e-09,-3.85796276538e-09,-3.85795193064e-09,-3.85796276531e-09,-3.85796276046e-09,-3.85796274687e-09,531.918624178,-3.85796277531e-09,411.078935965,-3.85796275666e-09,5.18479280686e-12,-3.8579588443e-09,531.918624182,-3.85796275673e-09,74.8365184107,-3.85796276158e-09,411.078935961,-3.85796277512e-09
2011-02-28 00:00:00,143.038888034,3.85673299637e-09,55.3644930185,3.85675746566e-09,58.4131893006,252.252669909,76.6200163818,2.13421057053e-11,-3.85341798627e-09,76.6200163856,58.0715991126,-3.83529125433e-09,-3.85796252118e-09,-3.85796514862e-09,-3.85795312162e-09,-3.8579625382e-09,-3.85796253364e-09,-3.85795156578e-09,76.6200163856,-3.85796254748e-09,3.87932369573e-09,-3.85795128199e-09,4.52103431325e-12,-3.85795784702e-09,76.6200163895,-3.8579625305e-09,58.0715991165,-3.85796253507e-09,2.2643873492e-11,-3.85795706593e-09
2011-03-31 00:00:00,398.399505921,3.856586298e-09,127.60286919,3.85660883739e-09,110.15367774,682.703354925,88.1887859096,6.35179025087e-12,-3.85330653879e-09,88.1887859135,190.040627157,-3.85014135362e-09,-3.85796236009e-09,-3.85796517806e-09,-3.85795293406e-09,-3.85796237604e-09,-3.8579623716e-09,-3.85795175011e-09,88.1887859135,-3.85796238474e-09,3.86433278448e-09,-3.85795208375e-09,4.63225576905e-12,-3.85795767224e-09,88.1887859174,-3.85796236879e-09,190.040627161,-3.85796237323e-09,7.79448420581e-12,-3.85795708339e-09
2011-04-30 00:00:00,316.561783582,3.85661047724e-09,106.718390613,3.85663479031e-09,161.991794964,444.633692421,315.980642682,1.69869893059e-11,-3.84859339327e-09,315.980642686,227.101115167,-3.83957108543e-09,-3.85796238467e-09,-3.85796512901e-09,-3.85795202415e-09,-3.85796240176e-09,-3.85796200879e-09,-3.857951317e-09,315.980642686,-3.85796241176e-09,3.87496871691e-09,-3.85795121803e-09,9.34308299496e-12,-3.85795722542e-09,315.980642689,-3.85796239472e-09,227.101115171,-3.85796200996e-09,1.83636220219e-11,-3.85795687091e-09
2011-05-31 00:00:00,256.837991488,3.85661528452e-09,140.036020404,3.85664014744e-09,224.725506801,336.503939775,256.256850588,7.60311513997e-11,49.3356115047,256.256850592,227.101115167,-3.7805106851e-09,-3.85796239105e-09,-3.857964653e-09,-3.85796240289e-09,-3.8579624072e-09,-3.85796166117e-09,-3.85795186944e-09,256.256850592,-3.85796241629e-09,3.93401176327e-09,-3.85795092641e-09,49.3356115085,-3.8579624045e-09,256.256850596,-3.85796240018e-09,227.101115171,-3.85796166187e-09,7.74252193669e-11,-3.85795696973e-09
2011-06-30 00:00:00,300.362069213,3.85661831661e-09,190.428516899,3.85661831661e-09,375.571025663,273.031080834,299.780928314,72.0961831159,189.647103293,299.780928317,227.101115167,72.0961831121,-3.85796236849e-09,-3.85796238503e-09,-3.85796238074e-09,-3.8579623851e-09,-3.85796130892e-09,-3.85796257637e-09,299.780928317,-3.85796239495e-09,72.0961831198,-3.85796237845e-09,189.647103297,-3.85796238274e-09,299.780928321,-3.85796237838e-09,227.101115171,-3.85796130922e-09,72.0961831159,-3.85796217551e-09
2011-07-31 00:00:00,155.172022301,3.85696467863e-09,96.4462303395,3.85696467863e-09,221.023878285,145.551030895,154.590881401,143.755737838,95.6648167336,154.590881405,220.682288097,143.755737834,-3.85796281843e-09,-3.85796283743e-09,-3.85796283256e-09,-3.85796283752e-09,-3.85796283296e-09,-3.85796279472e-09,154.590881405,-3.85796284975e-09,143.755737842,-3.85796283082e-09,95.6648167375,-3.8579628357e-09,154.590881409,-3.85796283072e-09,220.682288101,-3.8579628353e-09,143.755737838,-3.85796287308e-09
2011-08-31 00:00:00,64.0919487023,3.85701834605e-09,39.2097751413,3.85701834605e-09,71.467612033,140.245428056,63.5108078024,138.450134999,38.4283615355,63.5108078063,71.126021845,138.450134995,-3.85796291477e-09,-3.85796293473e-09,-3.85796292954e-09,-3.85796293468e-09,-3.85796292957e-09,-3.85796291755e-09,63.5108078063,-3.85796294794e-09,138.450135003,-3.85796292806e-09,38.4283615394,-3.85796293324e-09,63.5108078101,-3.8579629281e-09,71.1260218489,-3.85796293321e-09,138.450134999,-3.85796294518e-09
2011-09-30 00:00:00,64.201647306,3.85711442415e-09,39.1729365977,3.85711442415e-09,36.3183230891,119.040643687,383.491458547,1584.35680684,67.0835768412,383.491458551,35.9767329012,1584.35680684,-3.85796311483e-09,-3.85796313685e-09,-3.85796313126e-09,-3.8579631368e-09,-3.85796313128e-09,-3.85796280762e-09,383.491458551,-3.85796315185e-09,1584.35680685,-3.85796312993e-09,67.083576845,-3.85796313552e-09,383.491458555,-3.85796312997e-09,35.9767329051,-3.8579631355e-09,1584.35680684,-3.85796275088e-09
2011-10-31 00:00:00,38.131222966,3.85694022088e-09,29.4540122876,3.85694209111e-09,26.119437098,117.31742144,-3.850828697e-09,1.61298414326e-11,-3.83527513654e-09,5.94702045996e-12,25.7778469101,-3.84062946254e-09,-3.85795229664e-09,-3.85796558286e-09,-3.8579512132e-09,-3.85796563474e-09,-3.85796283245e-09,-3.85795175547e-09,7.10781902115e-12,-3.85795759216e-09,3.87411200348e-09,-3.85795170458e-09,2.26586537693e-11,-3.85795703332e-09,3.86392836048e-09,-3.85795265167e-09,25.7778469139,-3.85796283606e-09,1.73056941877e-11,-3.85795731523e-09
2011-11-30 00:00:00,27.7630169455,3.85696190606e-09,31.322523307,3.85696190265e-09,23.9793355428,129.350925773,4.53675361896e-09,202.21771657,30.5411097012,8.39376284879e-09,23.6377453548,202.217716567,-3.85796281406e-09,-3.85796283251e-09,-3.85796282767e-09,-3.85796278593e-09,-3.85796282764e-09,-3.85796281698e-09,8.39471642133e-09,-3.85796283328e-09,202.217716574,-3.85796282621e-09,30.5411097051,-3.85796283105e-09,1.22517256464e-08,-3.85796272523e-09,23.6377453587,-3.85796283108e-09,202.21771657,-3.8579628417e-09
2011-12-31 00:00:00,31.584874076,3.85686303676e-09,36.4233060238,3.85688755468e-09,16.5184273373,122.64662165,12.8206001546,1.65461761408e-11,35.6418924179,12.8206001585,16.1768371493,-3.84023288057e-09,-3.85796269672e-09,-3.85796545275e-09,-3.85796270851e-09,-3.85796271335e-09,-3.85796270853e-09,-3.85795162456e-09,12.8206001585,-3.85796272336e-09,3.87452822711e-09,-3.85795155674e-09,35.6418924218,-3.85796271163e-09,12.8206001624,-3.85796270679e-09,16.1768371532,-3.85796271161e-09,1.77021350975e-11,-3.85795718762e-09
2012-01-31 00:00:00,53.9283319035,3.85678648219e-09,33.9417758587,3.85680956657e-09,21.6742249185,138.880890948,191.006139596,7.85662034039e-12,120.127405563,191.0061396,21.3326347306,-3.84895363059e-09,-3.85796255967e-09,-3.85796540178e-09,-3.8579625989e-09,-3.85796260363e-09,-3.85796259908e-09,-3.85795187941e-09,191.0061396,-3.85796264047e-09,3.86583801555e-09,-3.85795214884e-09,120.127405567,-3.85796260171e-09,191.006139604,-3.85796259698e-09,21.3326347344,-3.85796260153e-09,8.98218900715e-12,-3.85795726232e-09
2012-03-31 00:00:00,159.371783743,3.85638502157e-09,39.10442429,3.85638246155e-09,29.7018417918,383.464519386,-3.85260257698e-09,3.38112950412e-13,-3.84842325589e-09,3.64754497511e-12,29.3602516039,-3.85594114404e-09,-3.8579520488e-09,-3.85796450485e-09,-3.85795179476e-09,-3.85796489912e-09,-3.85796219575e-09,-3.85795322677e-09,5.33427272813e-12,-3.85795714667e-09,3.85831572586e-09,-3.85795348188e-09,9.51294944304e-12,-3.85795701041e-09,3.8616274809e-09,-3.85795245351e-09,29.3602516077,-3.85796219787e-09,1.99867076249e-12,-3.85795775566e-09
2012-04-30 00:00:00,197.92316047,3.85612678891e-09,49.3335326789,3.85612497424e-09,79.4081285931,366.138998465,-3.85406985339e-09,-3.87210374789e-13,-3.84551161963e-09,1.92453067451e-12,79.0665384051,-3.85640189187e-09,-3.85795237096e-09,-3.85796428306e-09,-3.85795121747e-09,-3.85796456918e-09,-3.85796202854e-09,-3.85795276287e-09,3.86805551508e-12,-3.85795722644e-09,3.85758988094e-09,-3.85795344739e-09,1.2423391943e-11,-3.85795663615e-09,3.85990331593e-09,-3.8579527528e-09,79.066538409,-3.85796202999e-09,1.5376877361e-12,-3.8579580555e-09
2012-05-31 00:00:00,116.187792371,3.85635138818e-09,33.8388989259,3.85637006491e-09,90.6484129493,194.869083188,99.2456981709,6.6088604117e-13,33.0574853201,99.2456981748,90.3068227613,-3.85569603621e-09,-3.85796216081e-09,-3.85796450634e-09,-3.85796217152e-09,-3.8579621757e-09,-3.85796217149e-09,-3.85795419878e-09,99.2456981748,-3.85796218364e-09,3.8586386541e-09,-3.85795338958e-09,33.057485324,-3.85796217297e-09,99.2456981786,-3.85796216878e-09,90.3068227652,-3.857962173e-09,2.24462218106e-12,-3.85795612717e-09
2012-06-30 00:00:00,47.7709146567,3.85622167111e-09,26.8695810845,3.85623994118e-09,41.9099172034,125.76919855,47.1897737568,1.8853047882e-13,26.0881674787,47.1897737607,41.5683270155,-3.85595848484e-09,-3.8579620733e-09,-3.85796439034e-09,-3.85796208447e-09,-3.8579620885e-09,-3.85796208452e-09,-3.85795339745e-09,47.1897737607,-3.85796209743e-09,3.85816599629e-09,-3.85795338213e-09,26.0881674825,-3.8579620863e-09,47.1897737645,-3.85796208226e-09,41.5683270193,-3.85796208625e-09,1.98151106393e-12,-3.85795735406e-09
2012-07-31 00:00:00,39.4553019983,3.85630149038e-09,23.7009347542,3.85632024485e-09,25.4114017354,100.237947536,38.8741610985,6.82387852067e-13,22.9195211484,38.8741611023,25.0698115474,-3.85546502191e-09,-3.85796212443e-09,-3.85796451105e-09,-3.85796213654e-09,-3.85796214073e-09,-3.8579621366e-09,-3.85795260484e-09,38.8741611023,-3.85796215041e-09,3.85866027097e-09,-3.85795328367e-09,22.9195211523,-3.85796213834e-09,38.8741611062,-3.85796213416e-09,25.0698115513,-3.85796213829e-09,2.47391448098e-12,-3.85795795705e-09
2012-08-31 00:00:00,44.0562948989,3.85685516166e-09,24.3198329448,3.85685516166e-09,25.1208876288,97.8637092954,43.4751539991,96.0684162387,23.538419339,43.4751540029,24.7792974408,96.0684162349,-3.85796264849e-09,-3.85796266637e-09,-3.85796266155e-09,-3.85796266623e-09,-3.8579626615e-09,-3.85796264845e-09,43.4751540029,-3.85796267693e-09,96.0684162426,-3.8579626591e-09,23.5384193428,-3.85796266393e-09,43.4751540068,-3.85796265924e-09,24.7792974447,-3.85796266398e-09,96.0684162387,-3.85796267697e-09
2012-09-30 00:00:00,39.4464301479,3.85684573275e-09,22.8214714564,3.85684573275e-09,12.1439159314,98.1531145807,38.8652892481,96.357821524,22.0400578506,38.8652892519,11.8023257434,96.3578215201,-3.85796263442e-09,-3.8579626523e-09,-3.8579626477e-09,-3.85796265246e-09,-3.85796264775e-09,-3.85796263321e-09,38.8652892519,-3.8579626644e-09,96.3578215278,-3.85796264658e-09,22.0400578545,-3.85796265118e-09,38.8652892558,-3.85796264641e-09,11.8023257473,-3.85796265113e-09,96.357821524,-3.8579626656e-09
2012-10-31 00:00:00,32.5623571811,3.85704421708e-09,17.9744613558,3.85704421708e-09,10.9608844848,93.4357764826,31.9812162813,91.6404834259,17.19304775,31.9812162851,10.6192942969,91.6404834221,-3.85796296482e-09,-3.85796298536e-09,-3.85796298015e-09,-3.85796298535e-09,-3.85796298013e-09,-3.85796296477e-09,31.9812162851,-3.85796299907e-09,91.6404834298,-3.85796297861e-09,17.1930477538,-3.85796298383e-09,31.981216289,-3.85796297863e-09,10.6192943007,-3.85796298384e-09,91.6404834259,-3.85796299912e-09
2012-11-30 00:00:00,55.1524874798,3.85706233145e-09,22.562981902,3.85706233145e-09,9.25272649457,190.604671286,279.82682637,616.722051986,21.7815682962,279.826826374,8.91113630661,616.722051982,-3.857963001e-09,-3.85796302234e-09,-3.85796301721e-09,-3.85796302237e-09,-3.85796301711e-09,-3.85796217057e-09,279.826826374,-3.85796303689e-09,616.72205199,-3.85796301564e-09,21.7815683001,-3.85796302078e-09,279.826826377,-3.85796301561e-09,8.91113631047,-3.85796302088e-09,616.722051986,-3.85796369752e-09
2012-12-31 00:00:00,225.554840272,3.85695881901e-09,46.4156896297,3.85695706371e-09,22.8161093972,429.353626022,-3.83949614306e-09,6.54054332065e-12,45.6342760238,1.72657178843e-11,22.4745192093,-3.85022161901e-09,-3.85795177464e-09,-3.85796567808e-09,-3.85796286194e-09,-3.85796559636e-09,-3.85796286208e-09,-3.85795281025e-09,1.84390157526e-11,-3.85795733837e-09,3.86452205137e-09,-3.8579525721e-09,45.6342760277,-3.85796286595e-09,3.87524792321e-09,-3.85795167549e-09,22.4745192131,-3.85796286581e-09,7.71529023165e-12,-3.85795691339e-09
2013-01-31 00:00:00,80.1657178044,3.8571221295e-09,29.0335603897,3.8571221295e-09,20.2352989955,178.738946814,79.5845769045,176.943653757,28.2521467839,79.5845769084,19.8937088076,176.943653753,-3.8579631326e-09,-3.85796315495e-09,-3.8579631493e-09,-3.85796315489e-09,-3.85796314927e-09,-3.85796313272e-09,79.5845769084,-3.8579631701e-09,176.943653761,-3.85796314785e-09,28.2521467877,-3.8579631535e-09,79.5845769122,-3.85796314791e-09,19.8937088114,-3.85796315353e-09,176.943653757,-3.85796316998e-09
2013-02-28 00:00:00,57.8167235654,3.8571266452e-09,31.749801497,3.8571266452e-09,21.0117748954,176.568310676,57.2355826656,174.773017619,30.9683878912,57.2355826694,20.6701847075,174.773017616,-3.85796314248e-09,-3.85796316533e-09,-3.8579631597e-09,-3.85796316538e-09,-3.85796315972e-09,-3.85796314291e-09,57.2355826694,-3.8579631816e-09,174.773017623,-3.85796315886e-09,30.968387895,-3.85796316449e-09,57.2355826733,-3.85796315881e-09,20.6701847113,-3.85796316447e-09,174.773017619,-3.85796318117e-09
2013-03-31 00:00:00,71.1100357146,3.85719571275e-09,36.9134082316,3.85719571275e-09,31.8480799329,192.149238589,148.242138708,619.436133988,36.1319946258,148.242138712,31.506489745,619.436133984,-3.85796331881e-09,-3.85796334333e-09,-3.85796333736e-09,-3.85796334335e-09,-3.85796333724e-09,-3.85796280424e-09,148.242138712,-3.85796336058e-09,619.436133991,-3.85796333618e-09,36.1319946297,-3.85796334216e-09,148.242138716,-3.85796333617e-09,31.5064897488,-3.85796334228e-09,619.436133988,-3.85796380227e-09
2013-04-30 00:00:00,78.1971704174,3.85711894764e-09,33.4884671568,3.85711776465e-09,59.2356982012,195.931935499,-3.8422764726e-09,7.74958320863e-12,32.7070535509,1.46965089151e-11,58.8941080132,-3.84925022847e-09,-3.85795216729e-09,-3.85796601018e-09,-3.85796319734e-09,-3.85796596246e-09,-3.85796319747e-09,-3.85795172995e-09,1.56591653021e-11,-3.85795770401e-09,3.86573157524e-09,-3.85795277207e-09,32.7070535548,-3.85796320243e-09,3.87267898488e-09,-3.85795216709e-09,58.894108017,-3.8579632023e-09,8.6854693114e-12,-3.85795849172e-09
2013-05-31 00:00:00,61.1327620411,3.85713545607e-09,28.4716003762,3.8571601292e-09,64.9761650957,125.862943554,60.5516211413,3.13750121233e-11,27.6901867704,60.5516211451,64.6345749078,-3.82572627131e-09,-3.85796322486e-09,-3.85796567758e-09,-3.85796324261e-09,-3.85796324833e-09,-3.85796324244e-09,-3.85795246183e-09,60.5516211451,-3.8579632646e-09,3.88935680396e-09,-3.85795196956e-09,27.6901867742,-3.85796324696e-09,60.551621149,-3.85796324124e-09,64.6345749116,-3.85796324713e-09,3.22100807482e-11,-3.85795791839e-09
2013-06-30 00:00:00,43.0908083931,3.85711527792e-09,26.6341972916,3.85714011285e-09,33.0571268479,112.032263316,42.5096674932,2.00795948657e-11,25.8527836857,42.5096674971,32.7155366599,-3.83690824199e-09,-3.85796317502e-09,-3.85796586256e-09,-3.85796319217e-09,-3.85796319796e-09,-3.85796319225e-09,-3.85795237878e-09,42.5096674971,-3.85796321412e-09,3.87806200503e-09,-3.85795194352e-09,25.8527836896,-3.85796319707e-09,42.5096675009,-3.85796319128e-09,32.7155366638,-3.85796319699e-09,2.10275896135e-11,-3.85795744978e-09
2013-07-31 00:00:00,36.5377152218,3.85720051752e-09,24.0128006773,3.85720051752e-09,21.2856294741,98.0511942274,35.9565743219,96.2559011707,23.2313870715,35.9565743258,20.9440392862,96.2559011669,-3.85796333174e-09,-3.85796335671e-09,-3.85796335056e-09,-3.85796335673e-09,-3.85796335056e-09,-3.85796333232e-09,35.9565743258,-3.85796337452e-09,96.2559011746,-3.85796334967e-09,23.2313870754,-3.85796335583e-09,35.9565743296,-3.85796334966e-09,20.94403929,-3.85796335583e-09,96.2559011707,-3.85796337394e-09
2013-08-31 00:00:00,37.3903796431,3.85722525586e-09,23.8206343307,3.85722525586e-09,11.6201836615,97.2581702635,62.3106721266,285.501467456,23.0392207249,62.3106721304,11.2785934735,285.501467452,-3.85796340197e-09,-3.85796342853e-09,-3.85796342223e-09,-3.85796342853e-09,-3.85796342215e-09,-3.8579634886e-09,62.3106721304,-3.85796344756e-09,285.501467459,-3.85796342114e-09,23.0392207287,-3.85796342745e-09,62.3106721343,-3.85796342115e-09,11.2785934774,-3.85796342752e-09,285.501467456,-3.85796335986e-09
2013-09-30 00:00:00,26.0506735928,3.85715355925e-09,20.9582818985,3.85715215104e-09,9.30338218825,98.3678113429,-3.83545959921e-09,8.17776878368e-12,20.1768682927,2.15466961332e-11,8.96179200029,-3.84885623797e-09,-3.85795230144e-09,-3.85796609585e-09,-3.85796328604e-09,-3.85796591062e-09,-3.85796328617e-09,-3.85795247848e-09,2.24762396994e-11,-3.85795781454e-09,3.86615988858e-09,-3.857952814e-09,20.1768682966,-3.85796329156e-09,3.87952907277e-09,-3.8579520319e-09,8.96179200415,-3.85796329143e-09,9.08017106588e-12,-3.85795802791e-09
2013-10-31 00:00:00,15.2438266673,3.85716977858e-09,15.8315915496,3.85719493822e-09,8.92113900395,95.0267341895,14.6626857674,4.94603934122e-11,15.0501779437,14.6626857713,8.57954881599,-3.80761737069e-09,-3.85796331591e-09,-3.85796571442e-09,-3.85796333495e-09,-3.85796334122e-09,-3.85796333499e-09,-3.8579516315e-09,14.6626857713,-3.85796335917e-09,3.90744239621e-09,-3.85795178251e-09,15.0501779476,-3.85796334026e-09,14.6626857751,-3.85796333399e-09,8.57954881985,-3.85796334022e-09,5.03179737893e-11,-3.85795858716e-09
2013-11-30 00:00:00,14.9360750604,3.85722604534e-09,18.2286951363,3.85722604534e-09,7.9056704725,101.480698098,14.3549341606,99.6854050411,17.4472815304,14.3549341644,7.56408028454,99.6854050372,-3.85796340328e-09,-3.85796343089e-09,-3.85796342407e-09,-3.85796343089e-09,-3.85796342414e-09,-3.85796340415e-09,14.3549341644,-3.85796345095e-09,99.6854050449,-3.8579634235e-09,17.4472815343,-3.85796343032e-09,14.3549341683,-3.85796342349e-09,7.56408028839,-3.85796343025e-09,99.6854050411,-3.85796345008e-09
2013-12-31 00:00:00,16.0674130358,3.85738835647e-09,17.0858299711,3.85738835647e-09,6.68060652282,105.099158561,27.3924926521,512.585291894,30.8449690538,27.392492656,6.33901633488,512.58529189,-3.85796399151e-09,-3.85796403535e-09,-3.85796402511e-09,-3.85796403546e-09,-3.85796402553e-09,-3.85796535944e-09,27.392492656,-3.85796407049e-09,512.585291898,-3.85796402711e-09,30.8449690577,-3.85796403735e-09,27.3924926598,-3.857964027e-09,6.33901633874,-3.85796403693e-09,512.585291894,-3.85795448038e-09
2014-01-31 00:00:00,12.4724674804,3.85729019387e-09,15.3121068071,3.85728946883e-09,6.54981237591,97.5655831338,-3.85395362608e-09,2.08728500491e-12,-3.84112110145e-09,3.03245879647e-12,6.20822218794,-3.85488440084e-09,-3.85795401533e-09,-3.85796619365e-09,-3.8579524569e-09,-3.85796629277e-09,-3.85796370387e-09,-3.85795292275e-09,3.98587871955e-12,-3.85795889158e-09,3.86006732408e-09,-3.8579546045e-09,1.68144903089e-11,-3.85795809544e-09,3.86101314613e-09,-3.85795433015e-09,6.2082221918,-3.85796371271e-09,3.054535588e-12,-3.85796005859e-09
2014-02-28 00:00:00,87.4193326975,3.85747533033e-09,21.74948776,3.85747533033e-09,10.6980796215,154.542017307,508.519799701,1584.35680684,105.25403422,508.519799705,142.955077208,1584.35680684,-3.8579644001e-09,-3.85796450069e-09,-3.85796448194e-09,-3.85796450165e-09,-3.857964481e-09,-3.85796344471e-09,508.519799705,-3.85796458774e-09,1584.35680685,-3.85796448977e-09,105.254034224,-3.85796450848e-09,508.519799709,-3.85796448881e-09,142.955077212,-3.85796450942e-09,1584.35680684,-3.85796342308e-09
2014-03-31 00:00:00,78.1941192515,3.85742117488e-09,21.2277778505,3.8574135196e-09,18.4545156499,264.540002679,-3.85525308543e-09,3.83348447653e-09,-3.84994737043e-09,2.18506408141e-12,-3.83908049152e-09,-2.39908462165e-11,-3.85795484495e-09,-3.85795314396e-09,-3.85795481511e-09,-3.85795453246e-09,-3.85795502257e-09,-3.85795891183e-09,2.68852941385e-12,-3.8579593041e-09,7.69141061952e-09,-3.85796967645e-09,7.99416004929e-12,-3.8579592795e-09,3.86011849306e-09,-3.85796646507e-09,1.88615579588e-11,-3.85795938353e-09,3.83396092345e-09,-3.85796132478e-09
2014-04-30 00:00:00,76.6563406354,3.85734608941e-09,23.7510702908,3.85734703576e-09,46.9303762398,176.260496994,-3.85570807747e-09,4.45765016211e-12,-3.85093116102e-09,1.66421209522e-12,-8.89482894421e-12,-3.85290491697e-09,-3.85795458633e-09,-3.85795945265e-09,-3.85795436778e-09,-3.85795927977e-09,-3.85795924968e-09,-3.85795410966e-09,2.23328890301e-12,-3.85795904306e-09,3.86241184074e-09,-3.85796079947e-09,7.00964188596e-12,-3.85795891681e-09,3.85961748656e-09,-3.85796117571e-09,3.84905817823e-09,-3.85796135682e-09,5.03525601714e-12,-3.85795880303e-09
2014-05-31 00:00:00,45.5620356404,3.8572489408e-09,22.3578255825,3.85724912393e-09,68.0127283032,100.150485016,-3.85662829971e-09,1.0699372905e-12,-3.85349979837e-09,6.51882469417e-13,-2.44025465061e-12,-3.85620993802e-09,-3.85795433678e-09,-3.8579588272e-09,-3.85795401218e-09,-3.8579587778e-09,-3.85795877255e-09,-3.85795424628e-09,1.31307356703e-12,-3.85795871264e-09,3.85902245349e-09,-3.85796083605e-09,4.44073735407e-12,-3.85795852447e-09,3.85860420386e-09,-3.85796092354e-09,3.85551217823e-09,-3.85796090041e-09,1.73120499672e-12,-3.85795866341e-09
2014-06-30 00:00:00,29.4473187534,3.85709370663e-09,19.9339002834,3.85709385737e-09,30.9865753768,86.3105370988,-3.85669554732e-09,4.03055857346e-13,-3.85472705273e-09,1.73924500636e-13,30.6449851888,-3.85645184595e-09,-3.85795441349e-09,-3.85796541856e-09,-3.85795402258e-09,-3.85796537216e-09,-3.85796312713e-09,-3.85795433962e-09,1.24583129171e-12,-3.85795881122e-09,3.8583814178e-09,-3.85795447621e-09,3.21333001238e-12,-3.85795859731e-09,3.85815212077e-09,-3.85795455507e-09,30.6449851926,-3.85796313167e-09,1.48934428449e-12,-3.8579587706e-09
2014-07-31 00:00:00,30.9818660518,3.85723705428e-09,17.7492206271,3.85723838791e-09,63.1901294309,79.8604363098,-3.85336690093e-09,6.08025452672e-12,16.9678070212,3.88022359336e-12,62.8485392429,-3.85114039497e-09,-3.85795363342e-09,-3.85796632781e-09,-3.85796352897e-09,-3.85796616114e-09,-3.85796352916e-09,-3.85795304921e-09,4.57191332449e-12,-3.85795861322e-09,3.86406223647e-09,-3.85795339962e-09,16.9678070251,-3.85796353598e-09,3.8618611259e-09,-3.85795398775e-09,62.8485392468,-3.85796353578e-09,6.79695264381e-12,-3.85795831503e-09
2014-08-31 00:00:00,41.8828626885,3.85728706192e-09,15.9153622229,3.85726200592e-09,18.5742532868,80.290517458,-3.82460671743e-09,281.046003717,15.1339486171,3.26313541435e-11,18.2326630988,281.046003713,-3.85795324167e-09,-3.85796362777e-09,-3.85796362078e-09,-3.8579661122e-09,-3.85796362067e-09,-3.85796359165e-09,3.3330658577e-11,-3.85795813014e-09,281.046003721,-3.85796362049e-09,15.1339486209,-3.85796362748e-09,3.89061382077e-09,-3.85795222775e-09,18.2326631027,-3.85796362759e-09,281.046003717,-3.8579636563e-09
2014-09-30 00:00:00,27.87946998,3.85727166395e-09,14.2839616648,3.8572417538e-09,11.196796048,76.3613734758,-3.68007500382e-09,483.702457792,13.502548059,1.77121667861e-10,10.8552058601,483.702457788,-3.85795122145e-09,-3.85796357517e-09,-3.85796356832e-09,-3.85796631719e-09,-3.85796356831e-09,-3.85796353511e-09,1.77857712342e-10,-3.85795741098e-09,483.702457796,-3.85796356787e-09,13.5025480629,-3.85796357472e-09,4.03510650976e-09,-3.85795052818e-09,10.8552058639,-3.85796357473e-09,483.702457792,-3.85796360754e-09
2014-10-31 00:00:00,17.8949534339,3.85719131591e-09,16.3198288037,3.85719145743e-09,7.14988975827,89.1019667375,-3.8492475785e-09,8.4524374944e-12,15.5384151979,7.8273624604e-12,6.8082995703,-3.84858784353e-09,-3.85795268903e-09,-3.85796619824e-09,-3.857963391e-09,-3.85796620447e-09,-3.85796339112e-09,-3.85795265087e-09,8.6890769494e-12,-3.85795806647e-09,3.86643468581e-09,-3.85795288937e-09,15.5384152017,-3.8579633972e-09,3.8658095564e-09,-3.85795296426e-09,6.80829957416,-3.85796339707e-09,9.34871572052e-12,-3.85795804659e-09
2014-11-30 00:00:00,19.7852171709,3.85722425188e-09,14.8182455125,3.85722425188e-09,7.53039358815,93.3552180967,234.389784546,307.998733713,90.7215364106,234.38978455,7.18880340022,307.998733709,-3.85796340021e-09,-3.85796342545e-09,-3.85796341922e-09,-3.85796342542e-09,-3.85796341907e-09,-3.85796339267e-09,234.38978455,-3.85796344335e-09,307.998733716,-3.85796341824e-09,90.7215364144,-3.85796342447e-09,234.389784554,-3.85796341827e-09,7.18880340408,-3.85796342462e-09,307.998733713,-3.85796345078e-09
2014-12-31 00:00:00,92.5750813416,3.85704727671e-09,24.5520006444,3.85704676313e-09,9.2464592354,429.402495428,-3.8542865312e-09,1.9494974698e-12,-3.84828859236e-09,2.61278420136e-12,8.90486904742,-3.8549437434e-09,-3.85795345896e-09,-3.85796547672e-09,-3.85795260603e-09,-3.85796555635e-09,-3.85796302747e-09,-3.85795370891e-09,3.65260104563e-12,-3.85795827408e-09,3.85992876805e-09,-3.8579539805e-09,9.64839172688e-12,-3.85795783185e-09,3.86059252581e-09,-3.85795377864e-09,8.90486905128,-3.85796303141e-09,2.99601158331e-12,-3.85795839693e-09
2015-01-31 00:00:00,35.5268342215,3.85701067589e-09,21.421047945,3.85700984449e-09,6.88244018051,150.990187248,-3.85401308958e-09,1.95537870347e-12,-3.82766138173e-09,3.0194366252e-12,6.54084999257,-3.85508787976e-09,-3.85795328403e-09,-3.85796538098e-09,-3.85795106071e-09,-3.85796551228e-09,-3.85796295309e-09,-3.85795369162e-09,3.92571667445e-12,-3.85795814915e-09,3.85993447983e-09,-3.85795394997e-09,3.02718440098e-11,-3.85795701525e-09,3.86099930101e-09,-3.857953619e-09,6.54084999643,-3.857962957e-09,2.85194080485e-12,-3.85795834833e-09
2015-02-28 00:00:00,86.073523963,3.85677956421e-09,32.9462304325,3.85677934309e-09,19.3021031024,371.473128383,-3.85622846168e-09,7.59309388573e-14,-3.84921834096e-09,4.16284528356e-13,18.9605129144,-3.85655961324e-09,-3.85795372171e-09,-3.85796484183e-09,-3.8579523171e-09,-3.85796486105e-09,-3.85796258398e-09,-3.85795382202e-09,1.71199985512e-12,-3.85795818973e-09,3.85805359667e-09,-3.85795399678e-09,8.71858655979e-12,-3.85795746506e-09,3.8583941446e-09,-3.85795393248e-09,18.9605129183,-3.85796258679e-09,1.38110997825e-12,-3.85795825068e-09
2015-03-31 00:00:00,30.2490534476,3.85679853918e-09,19.2111920489,3.85679810267e-09,15.6098523667,129.241858968,-3.85576431043e-09,3.41494876341e-13,18.4297784431,9.73830143427e-13,15.2682621788,-3.856395043e-09,-3.85795358806e-09,-3.85796487801e-09,-3.85796260887e-09,-3.85796493853e-09,-3.85796260909e-09,-3.85795379496e-09,2.17577690382e-12,-3.85795813315e-09,3.85831930458e-09,-3.85795398339e-09,18.4297784469,-3.85796261222e-09,3.85895204415e-09,-3.85795383062e-09,15.2682621826,-3.857962612e-09,1.54557463824e-12,-3.85795824953e-09
2015-04-30 00:00:00,24.636168413,3.85687634472e-09,14.7437564724,3.85687468947e-09,17.209957227,118.038345284,-3.85366924572e-09,1.04535979827e-12,13.9623428666,3.19439126947e-12,16.868367039,-3.85582745803e-09,-3.85795292526e-09,-3.85796504875e-09,-3.85796272088e-09,-3.85796531776e-09,-3.85796272081e-09,-3.85795367546e-09,4.26901179444e-12,-3.8579578523e-09,3.85902367328e-09,-3.85795394675e-09,13.9623428704,-3.85796272353e-09,3.86117423795e-09,-3.85795328593e-09,16.8683670429,-3.8579627236e-09,2.11275139259e-12,-3.85795830252e-09
2015-05-31 00:00:00,24.068597046,3.85682688275e-09,15.5717920878,3.85682466271e-09,30.8679896984,101.203042021,-3.85310887596e-09,6.8551077066e-13,14.790378482,3.55960222433e-12,30.5263995105,-3.85600996207e-09,-3.8579526608e-09,-3.85796495852e-09,-3.85796264798e-09,-3.85796531148e-09,-3.85796264821e-09,-3.85795375631e-09,4.82882660396e-12,-3.85795768123e-09,3.85866360199e-09,-3.85795392752e-09,14.7903784858,-3.85796265139e-09,3.86153973185e-09,-3.85795303898e-09,30.5263995143,-3.85796265115e-09,1.93042276704e-12,-3.85795817246e-09
2015-06-30 00:00:00,23.1045809354,3.85704103419e-09,14.1048969347,3.85706556708e-09,27.900078352,97.1129817188,41.6806505954,1.55257489791e-11,13.3234833289,41.6806505992,27.558488164,-3.84155885251e-09,-3.85796300819e-09,-3.8579657829e-09,-3.85796302395e-09,-3.85796302912e-09,-3.85796302384e-09,-3.85785005692e-09,41.6806505992,-3.85796304321e-09,3.8735080902e-09,-3.8579519456e-09,13.3234833328,-3.85796302754e-09,41.6806506031,-3.85796302237e-09,27.5584881679,-3.85796302765e-09,1.62746390857e-11,-3.85772523678e-09
2015-07-31 00:00:00,19.7143869923,3.85697992421e-09,13.225946816,3.85697744126e-09,15.4782018628,81.824993711,-3.82124660172e-09,5.15867208303e-12,12.4445332102,3.5574484275e-11,15.1366116748,-3.85169434501e-09,-3.85795207248e-09,-3.85796566997e-09,-3.85796289897e-09,-3.85796533881e-09,-3.85796289917e-09,-3.85794583093e-09,3.66892432416e-11,-3.85795750318e-09,3.86313979442e-09,-3.85795290133e-09,12.444533214,-3.85796290325e-09,3.8935560552e-09,-3.85795151845e-09,15.1366116787,-3.85796290305e-09,6.23593715895e-12,-3.85795944597e-09
2015-08-31 00:00:00,24.1714739788,3.85706199262e-09,12.493172272,3.85706199262e-09,7.12195351385,77.7615070944,23.5903330789,904.516621157,11.7117586662,23.5903330828,6.78036332589,904.516621153,-3.85796300112e-09,-3.85796302176e-09,-3.85796301651e-09,-3.85796302178e-09,-3.85796301647e-09,-3.85796250879e-09,23.5903330828,-3.85796303537e-09,904.516621161,-3.85796301482e-09,11.71175867,-3.85796302007e-09,23.5903330866,-3.8579630148e-09,6.78036332975,-3.8579630201e-09,904.516621157,-3.85796346158e-09
2015-09-30 00:00:00,20.0299612552,3.857003621e-09,15.5432354607,3.85702851984e-09,6.88712920695,77.6245211756,19.4488203553,5.28225166006e-11,14.7618218549,19.4488203592,6.54553901899,-3.80406589823e-09,-3.85796293367e-09,-3.85796527845e-09,-3.857962949e-09,-3.85796301341e-09,-3.85796295108e-09,-3.85795219116e-09,19.4488203592,-3.85796296821e-09,3.91080395465e-09,-3.85795142701e-09,14.7618218588,-3.85796295297e-09,19.4488203631,-3.85796288741e-09,6.54553902285,-3.85796295089e-09,5.38701310006e-11,-3.85795755004e-09
2015-10-31 00:00:00,11.2291904195,3.85701406311e-09,25.4169204759,3.85701406311e-09,6.8930589986,77.0814650671,299.057391472,868.168105194,55.8930292302,299.057391475,6.55146881064,868.16810519,-3.85796289064e-09,-3.85796292668e-09,-3.85796292147e-09,-3.85796292662e-09,-3.85796292153e-09,-3.85796290376e-09,299.057391475,-3.85796295558e-09,868.168105198,-3.85796291984e-09,55.8930292341,-3.85796292505e-09,299.057391479,-3.8579629199e-09,6.5514688145,-3.857962925e-09,868.168105194,-3.85796294265e-09
2015-11-30 00:00:00,13.6428603765,3.8568306251e-09,32.0177412365,3.85682960358e-09,9.6088895072,89.5561000804,-3.85017191873e-09,4.36016620423e-12,-3.8184438328e-09,6.52889562155e-12,9.26729931923,-3.85233878577e-09,-3.85795203757e-09,-3.85796538597e-09,-3.85795059745e-09,-3.85796546664e-09,-3.85796265725e-09,-3.85795243338e-09,7.76421003707e-12,-3.85795737219e-09,3.86234074141e-09,-3.85795282729e-09,3.94886789418e-11,-3.85795663518e-09,3.86451019506e-09,-3.85795236731e-09,9.26729932309,-3.85796266039e-09,5.59833805759e-12,-3.85795757559e-09
2015-12-31 00:00:00,63.9717924028,3.85681038322e-09,40.9298333121,3.85680905226e-09,13.2364895129,148.790912111,-3.79285558794e-09,7.86290575599e-12,40.1484197063,6.38850215462e-11,12.894899325,-3.84890687192e-09,-3.85795207563e-09,-3.85796543042e-09,-3.85796263105e-09,-3.85796484457e-09,-3.85796263105e-09,-3.85795190704e-09,6.5080667277e-11,-3.8579573699e-09,3.86584431722e-09,-3.85795218239e-09,40.1484197101,-3.85796263388e-09,3.92186568005e-09,-3.85795122482e-09,12.8948993288,-3.85796263388e-09,9.02896386486e-12,-3.85795728759e-09
2016-01-31 00:00:00,150.700358226,3.85674664075e-09,48.582918014,3.85676972162e-09,27.0468519072,473.335741442,360.812890586,-1.3177351228e-11,190.261165066,360.81289059,84.2063956996,-3.84932095388e-09,-3.85796253565e-09,-3.85796537969e-09,-3.85796254795e-09,-3.85796255262e-09,-3.857962548e-09,-3.85795185859e-09,360.81289059,-3.85796256307e-09,3.84480408081e-09,-3.85795209149e-09,190.26116507,-3.85796255082e-09,360.812890594,-3.85796254615e-09,84.2063957035,-3.85796255077e-09,8.61488254847e-12,-3.85795721898e-09
2016-03-31 00:00:00,322.904126844,3.85636717658e-09,84.7043679674,3.85636514601e-09,57.8014790649,756.542693217,-3.84981160204e-09,2.07253309282e-11,-3.84797162784e-09,6.48948281537e-12,-2.69033358908e-11,-3.85622248434e-09,-3.85795191764e-09,-3.85795708157e-09,-3.85795249041e-09,-3.85795700724e-09,-3.8579571157e-09,-3.8579531527e-09,8.12524715427e-12,-3.85795697264e-09,3.87867314857e-09,-3.8579606305e-09,9.96663891758e-12,-3.85795724472e-09,3.86443854872e-09,-3.85796001244e-09,3.83104649389e-09,-3.85795955668e-09,1.71753761906e-12,-3.85795767388e-09
2016-04-30 00:00:00,162.552389882,3.85626278949e-09,59.1818961898,3.8562811787e-09,84.2578409749,237.894199541,63.2637556638,1.89242463219e-13,-3.80796158786e-09,63.2637556677,83.9162507869,-3.85596495922e-09,-3.85796210028e-09,-3.85796442961e-09,-3.85794995626e-09,-3.85796211483e-09,-3.85796211077e-09,-3.85795315868e-09,63.2637556677,-3.85796212274e-09,3.85816679926e-09,-3.85795338296e-09,4.99701409009e-11,-3.8579560398e-09,63.2637556715,-3.85796210822e-09,83.9162507908,-3.85796211229e-09,1.97480215219e-12,-3.85795766795e-09
2016-05-31 00:00:00,133.650381039,3.85645589992e-09,65.9114964419,3.85647550144e-09,116.243969342,148.482966395,133.069240139,1.67466039082e-12,65.1300828361,133.069240143,115.902379154,-3.85468233552e-09,-3.85796224082e-09,-3.85796472368e-09,-3.85796225221e-09,-3.85796225644e-09,-3.85796225222e-09,-3.85795278437e-09,133.069240143,-3.85796226544e-09,3.85965326326e-09,-3.8579531542e-09,65.1300828399,-3.85796225409e-09,133.069240147,-3.85796224986e-09,115.902379158,-3.85796225408e-09,3.25633926233e-12,-3.85795761223e-09
2016-06-30 00:00:00,74.9246474379,3.85677541547e-09,50.1143697434,3.85677541547e-09,120.902004452,126.178416322,74.3435065381,124.383123266,49.3329561376,74.3435065419,120.560414264,124.383123262,-3.85796254232e-09,-3.85796255955e-09,-3.85796255509e-09,-3.85796255967e-09,-3.85796255509e-09,-3.85796254227e-09,74.3435065419,-3.85796257056e-09,124.38312327,-3.85796255339e-09,49.3329561415,-3.85796255784e-09,74.3435065458,-3.85796255326e-09,120.560414268,-3.85796255784e-09,124.383123266,-3.85796257061e-09
2016-07-31 00:00:00,48.1223505831,3.85699241954e-09,25.6514098521,3.85699241954e-09,40.3807757333,101.679214167,47.5412096832,99.8839211106,24.8699962463,47.5412096871,40.0391855453,99.8839211067,-3.85796286693e-09,-3.85796288648e-09,-3.85796288146e-09,-3.85796288648e-09,-3.85796288142e-09,-3.85796286711e-09,47.5412096871,-3.85796289934e-09,99.8839211144,-3.85796287986e-09,24.8699962502,-3.85796288488e-09,47.5412096909,-3.85796287986e-09,40.0391855492,-3.85796288492e-09,99.8839211106,-3.85796289916e-09
2016-08-31 00:00:00,43.090248907,3.8570127464e-09,23.4294127269,3.8570127464e-09,20.0124750945,99.0470033589,42.5091080071,97.2517103022,22.6479991211,42.509108011,19.6708849065,97.2517102984,-3.85796290392e-09,-3.85796292397e-09,-3.85796291885e-09,-3.85796292399e-09,-3.85796291886e-09,-3.85796290389e-09,42.509108011,-3.85796293755e-09,97.2517103061,-3.85796291758e-09,22.6479991249,-3.85796292269e-09,42.5091080148,-3.85796291756e-09,19.6708849104,-3.85796292269e-09,97.2517103022,-3.85796293758e-09
2016-09-30 00:00:00,34.9705591449,3.85704429773e-09,20.6261488773,3.85704429773e-09,18.0049133844,96.8029908994,34.3894182451,448.846509936,19.8447352715,34.3894182489,17.6633231965,448.846509932,-3.85796296516e-09,-3.85796298557e-09,-3.85796298035e-09,-3.85796298562e-09,-3.8579629803e-09,-3.85796296209e-09,34.389418249,-3.85796299906e-09,448.846509939,-3.85796297873e-09,19.8447352753,-3.85796298395e-09,34.3894182528,-3.85796297868e-09,17.6633232003,-3.857962984e-09,448.846509936,-3.8579630021e-09
2016-10-31 00:00:00,57.0132316647,3.85698130964e-09,22.5950933596,3.85700598072e-09,17.5459787396,155.588097267,134.220743939,2.24039870234e-11,38.9525235575,134.220743943,17.2043885517,-3.8345442975e-09,-3.85796289096e-09,-3.85796549999e-09,-3.85796290607e-09,-3.85796291122e-09,-3.85796290622e-09,-3.85795190612e-09,134.220743943,-3.8579629251e-09,3.88038589024e-09,-3.85795165488e-09,38.9525235614,-3.85796291012e-09,134.220743947,-3.85796290497e-09,17.2043885555,-3.85796290997e-09,2.3391211495e-11,-3.85795751249e-09
2016-11-30 00:00:00,78.2724853657,3.85681344528e-09,17.9086361042,3.85681224674e-09,13.8751371818,201.38288927,-3.85311125148e-09,1.95016541767e-12,-3.82281557461e-09,3.48140274515e-12,13.5335469938,-3.85466216196e-09,-3.85795264359e-09,-3.85796511774e-09,-3.85795063505e-09,-3.85796529623e-09,-3.85796263086e-09,-3.8579531974e-09,4.82643449383e-12,-3.85795766463e-09,3.85992920891e-09,-3.85795350437e-09,3.51170713868e-11,-3.8579566416e-09,3.86146151747e-09,-3.85795301946e-09,13.5335469977,-3.85796263407e-09,3.27691767437e-12,-3.85795795059e-09
2016-12-31 00:00:00,255.841915939,3.85703961833e-09,49.9149897052,3.85703961833e-09,35.1321586481,356.198345123,255.260775039,1584.35680684,224.296558239,255.260775043,172.069749189,1584.35680684,-3.85796295581e-09,-3.85796297599e-09,-3.85796290622e-09,-3.85796297615e-09,-3.85796297067e-09,-3.85796292214e-09,255.260775043,-3.85796298972e-09,1584.35680685,-3.85796296962e-09,224.296558243,-3.85796290916e-09,255.260775047,-3.85796296946e-09,172.069749193,-3.85796297494e-09,1584.35680684,-3.85796293735e-09
2017-01-31 00:00:00,633.790872954,3.85700029735e-09,179.250781442,3.85700029735e-09,170.510010097,669.68628292,1054.89133996,1351.38388431,224.296558239,1054.89133996,227.101115167,1351.38388431,-3.85796287154e-09,-3.85796290105e-09,-3.85796272716e-09,-3.8579629007e-09,-3.85796263556e-09,-3.85796288821e-09,1054.89133996,-3.85796292341e-09,1351.38388432,-3.85796289409e-09,224.296558243,-3.85796272951e-09,1054.89133997,-3.85796289444e-09,227.101115171,-3.8579626386e-09,1351.38388431,-3.85796290691e-09
2017-02-28 00:00:00,997.188016646,3.85677327442e-09,291.852011031,3.85677327442e-09,200.138420018,1384.97839118,896.125671862,644.598709316,202.781545507,896.125671866,227.101115167,644.598709312,-3.85796254056e-09,-3.85796255731e-09,-3.85796255301e-09,-3.85796255733e-09,-3.85796227209e-09,-3.8579625395e-09,896.125671866,-3.85796256699e-09,644.59870932,-3.85796255028e-09,202.781545511,-3.85796255458e-09,896.12567187,-3.85796255026e-09,227.101115171,-3.85796227391e-09,644.598709316,-3.85796256804e-09
2017-03-31 00:00:00,320.852906186,3.85646780357e-09,133.124197688,3.85646549727e-09,132.477724826,576.098722042,-3.84985932338e-09,2.33254319578e-12,-3.8386122271e-09,6.42467219289e-12,227.101115167,-3.85397856371e-09,-3.85795161467e-09,-3.85796482395e-09,-3.85795083147e-09,-3.85796506802e-09,-3.85796187611e-09,-3.85795255858e-09,8.07633875968e-12,-3.85795696066e-09,3.86031166896e-09,-3.85795293835e-09,1.93214651545e-11,-3.85795655716e-09,3.86440559412e-09,-3.85795193601e-09,227.101115171,-3.85796187719e-09,3.95948700528e-12,-3.85795746113e-09
2017-04-30 00:00:00,408.754477112,3.85655762331e-09,171.231542903,3.85658015698e-09,213.674328112,598.286962441,408.173336212,6.39508627397e-12,170.450129297,408.173336216,227.101115167,-3.8500684887e-09,-3.85796233212e-09,-3.85796515198e-09,-3.85796234391e-09,-3.85796234821e-09,-3.85796129467e-09,-3.85795170885e-09,408.173336216,-3.85796235771e-09,3.86437606922e-09,-3.85795204408e-09,170.450129301,-3.85796234596e-09,408.17333622,-3.85796234166e-09,227.101115171,-3.85796129514e-09,7.86729677291e-12,-3.85795705852e-09
2017-05-31 00:00:00,393.291397868,3.85673086362e-09,199.8896526,3.85673086362e-09,353.407453944,294.972601821,392.710256968,293.177308764,199.108238994,392.710256972,227.101115167,293.17730876,-3.85796248917e-09,-3.85796250603e-09,-3.85796250156e-09,-3.85796250607e-09,-3.857960665e-09,-3.8579624891e-09,392.710256972,-3.85796251616e-09,293.177308768,-3.85796249935e-09,199.108238998,-3.85796250382e-09,392.710256976,-3.85796249931e-09,227.101115171,-3.85796066489e-09,293.177308764,-3.85796251623e-09
2017-06-30 00:00:00,224.85232492,3.85683007248e-09,177.763610309,3.85683007248e-09,430.721970697,178.173300028,224.27118402,176.378006971,176.982196703,224.271184024,227.101115167,176.378006967,-3.8579626135e-09,-3.85796263125e-09,-3.85796262654e-09,-3.85796263124e-09,-3.85796026734e-09,-3.85796261333e-09,224.271184024,-3.85796264205e-09,176.378006975,-3.85796262436e-09,176.982196707,-3.85796262907e-09,224.271184028,-3.85796262437e-09,227.101115171,-3.85796026673e-09,176.378006971,-3.85796264222e-09
2017-07-31 00:00:00,86.3083993804,3.85704067328e-09,69.2895745301,3.85704067328e-09,198.690944125,128.328069739,85.7272584806,126.532776683,224.296558239,85.7272584845,198.349353937,126.532776679,-3.85796295797e-09,-3.85796297838e-09,-3.85796290938e-09,-3.8579629784e-09,-3.8579629733e-09,-3.85796295786e-09,85.7272584845,-3.85796299176e-09,126.532776686,-3.85796297143e-09,224.296558243,-3.85796291243e-09,85.7272584883,-3.85796297141e-09,198.349353941,-3.85796297651e-09,126.532776683,-3.85796299186e-09
2017-08-31 00:00:00,66.2772937797,3.85711968206e-09,41.5027546862,3.85711968206e-09,69.2797549771,117.194734131,65.6961528798,115.399441075,224.296558239,65.6961528837,68.9381647893,115.399441071,-3.85796312724e-09,-3.85796314937e-09,-3.85796272708e-09,-3.8579631494e-09,-3.85796314389e-09,-3.85796312715e-09,65.6961528837,-3.85796316396e-09,115.399441079,-3.85796314192e-09,224.296558243,-3.85796272941e-09,65.6961528875,-3.85796314189e-09,68.9381647931,-3.8579631474e-09,115.399441075,-3.85796316404e-09
2017-09-30 00:00:00,55.2638277502,3.85721686347e-09,35.1497025329,3.85721686347e-09,37.189577419,115.899872707,342.15947726,1274.26032782,224.296558239,342.159477264,227.101115167,1274.26032781,-3.8579633791e-09,-3.85796340387e-09,-3.85796255566e-09,-3.85796340395e-09,-3.85796270957e-09,-3.85796337982e-09,342.159477264,-3.85796342088e-09,1274.26032782,-3.85796339624e-09,224.296558243,-3.85796255767e-09,342.159477268,-3.85796339616e-09,227.101115171,-3.85796271236e-09,1274.26032782,-3.85796342018e-09
2017-10-31 00:00:00,55.416070134,3.85658644218e-09,15.0362459104,3.85658644218e-09,38.5109123051,76.9651909197,-3.85698574911e-09,5.66297598641,61.8632339676,2.09387358575,86.1636360325,-3.85708118216e-09,-3.85795375772e-09,-3.85796235405e-09,-3.85796235039e-09,-3.85796235429e-09,-3.85796235014e-09,-3.85795377688e-09,9.55163626315e-13,-3.85795809973e-09,5.66297599027,-3.85796234768e-09,61.8632339715,-3.85796235134e-09,2.09387358961,-3.85796234744e-09,86.1636360363,-3.85796235159e-09,8.59778934516e-13,-3.85795810981e-09
